id,start,end,content,title,group,misc
1,2010-01-27,,Rの基礎・統計学の基礎,TokyoR#01,,https://web.archive.org/web/20150918220709/https://atnd.org/events/2746
2,2010-02-24,,Rで機械学習パッケージを試す(仮),TokyoR#02LT,,https://web.archive.org/web/20150908113550/https://atnd.org/events/3054
3,2010-02-24,,半導体と統計と私(仮),TokyoR#02LT,,https://web.archive.org/web/20150908113550/https://atnd.org/events/3054
4,2010-04-24,,Rによるやさしい統計学10章～14章 ,TokyoR#04,,https://web.archive.org/web/20150908143512/https://atnd.org/events/3930
5,2010-04-24,,Rでカルマンフィルタ,TokyoR#04,,https://web.archive.org/web/20150908143512/https://atnd.org/events/3930
6,2010-04-24,,財布にやさしいRを使ったデータマイニング,TokyoR#04,,https://web.archive.org/web/20150908143512/https://atnd.org/events/3930
7,2010-04-24,,Value at Risk の紹介,TokyoR#04,,https://web.archive.org/web/20150908143512/https://atnd.org/events/3930
8,2010-04-24,,R言語による時系列分析,TokyoR#04,,https://web.archive.org/web/20150908143512/https://atnd.org/events/3930
9,2010-04-24,,分散分析,TokyoR#03,,https://web.archive.org/web/20150908114631/https://atnd.org/events/3454
10,2010-04-24,,Optimization in R,TokyoR#03,,https://web.archive.org/web/20150908114631/https://atnd.org/events/3454
11,2010-04-24,,プロセス、リソース、グラフと統計解析 -Unified graph representation of processes for scheduling with flexible resource assignment -,TokyoR#03,,https://web.archive.org/web/20150908114631/https://atnd.org/events/3454
12,2010-04-24,,RFinanceYJを使ってみた,TokyoR#03LT,,https://web.archive.org/web/20150908114631/https://atnd.org/events/3454
13,2010-04-24,,RとDBMS,TokyoR#03LT,,https://web.archive.org/web/20150908114631/https://atnd.org/events/3454
14,2010-04-24,,２５年前のS事情,TokyoR#03LT,,https://web.archive.org/web/20150908114631/https://atnd.org/events/3454
15,2010-05-22,,Rによるやさしい統計学 : 第15章 回帰分析,TokyoR#05,,https://web.archive.org/web/20150908141738/https://atnd.org/events/4468
16,2010-05-22,,人口統計データの分析手法の紹介,TokyoR#05,,https://web.archive.org/web/20150908141738/https://atnd.org/events/4468
17,2010-05-22,,R言語による アソシエーション分析 － 組合せ・事象の規則を解明する －,TokyoR#05,,https://web.archive.org/web/20150908141738/https://atnd.org/events/4468
18,2010-05-22,,RとWeb API （仮）,TokyoR#05,,https://web.archive.org/web/20150908141738/https://atnd.org/events/4468
19,2010-06-26,,Rによるやさしい統計学 第16章 : 因子分析,TokyoR#06,,https://web.archive.org/web/20150918220519/https://atnd.org/events/5441
20,2010-06-26,,ggplot2できれいなグラフ,TokyoR#06,,https://web.archive.org/web/20150918220519/https://atnd.org/events/5441
21,2010-06-26,,Rで学ぶ金融工学入門　～現代ポートフォリオ理論編～,TokyoR#06,,https://web.archive.org/web/20150918220519/https://atnd.org/events/5441
22,2010-06-26,,金融工学入門 ～Rで確率微分方程式～,TokyoR#06,,https://web.archive.org/web/20150918220519/https://atnd.org/events/5441
23,2010-06-26,,Y！ファイナンス非公式ガイド（仮）,TokyoR#06,,https://web.archive.org/web/20150918220519/https://atnd.org/events/5441
24,2010-07-24,,Rによるやさしい統計学 第17章 : 共分散構造分析,TokyoR#07,,https://web.archive.org/web/20150915163757/https://atnd.org/events/6439
25,2010-07-24,,PythonとR,TokyoR#07,,https://web.archive.org/web/20150915163757/https://atnd.org/events/6439
26,2010-07-24,,R Language Definition案内～Rでハマったときのために～,TokyoR#07,,https://web.archive.org/web/20150915163757/https://atnd.org/events/6439
27,2010-07-24,,Rで麻雀,TokyoR#07,,https://web.archive.org/web/20150915163757/https://atnd.org/events/6439
28,2010-07-24,,"RとC,C++の連携",TokyoR#07,,https://web.archive.org/web/20150915163757/https://atnd.org/events/6439
29,2010-07-24,,10分で分かるRパッケージの作り方,TokyoR#07,,https://web.archive.org/web/20150915163757/https://atnd.org/events/6439
30,2010-08-28,,Rによるデータサイエンス第Ⅱ部 第3章 対応分析,TokyoR#08,,https://web.archive.org/web/20150918220838/https://atnd.org/events/7280
31,2010-08-28,,ブランド・ポジショニングの分析,TokyoR#08,,https://web.archive.org/web/20150918220838/https://atnd.org/events/7280
32,2010-08-28,,RでMapReduce,TokyoR#08,,https://web.archive.org/web/20150918220838/https://atnd.org/events/7280
33,2010-08-28,,Rのハラワタをちょっと見てみる,TokyoR#08,,https://web.archive.org/web/20150918220838/https://atnd.org/events/7280
34,2010-08-28,,Rの海外サイトのご紹介（仮）,TokyoR#08,,https://web.archive.org/web/20150918220838/https://atnd.org/events/7280
35,2010-09-19,,Rの失敗？環境と変数代入と遅延評価と～R Language Definition案内番外編～,TokyoR#09,,https://web.archive.org/web/20150910223634/https://atnd.org/events/7804
36,2010-09-19,,Rによるデータサイエンス第Ⅱ部 第4章 多次元尺度法,TokyoR#09,,https://web.archive.org/web/20150910223634/https://atnd.org/events/7804
37,2010-09-19,,Rによる文書モデルの可視化　～トピックモデル、ディリクレ分布、LDA,TokyoR#09,,https://web.archive.org/web/20150910223634/https://atnd.org/events/7804
38,2010-09-19,,RExcelでの日本語利用,TokyoR#09,,https://web.archive.org/web/20150910223634/https://atnd.org/events/7804
39,2010-09-19,,スマートに時系列を捌く方法,TokyoR#09,,https://web.archive.org/web/20150910223634/https://atnd.org/events/7804
40,2010-10-31,,Rによるデータサイエンス第Ⅱ部 第5章 クラスター分析,TokyoR#10,,https://web.archive.org/web/20150918220539/https://atnd.org/events/9177
41,2010-10-31,,スマートに時系列を捌く方法 2,TokyoR#10,,https://web.archive.org/web/20150918220539/https://atnd.org/events/9177
42,2010-10-31,,基本パッケージの描画機能について,TokyoR#10,,https://web.archive.org/web/20150918220539/https://atnd.org/events/9177
43,2010-10-31,,Japan.Rについて,TokyoR#10,,https://web.archive.org/web/20150918220539/https://atnd.org/events/9177
44,2010-10-31,,マルコフ連鎖モンテカルロ法入門-１,TokyoR#10,,https://web.archive.org/web/20150918220539/https://atnd.org/events/9177
45,2011-01-29,,Rによるデータサイエンス第Ⅱ部 第6章 自己組織化マップ,TokyoR#11,,https://web.archive.org/web/20150918220349/https://atnd.org/events/12062
46,2011-01-29,,ggplot2：パッケージ製作者（Wickamさん）の話を聞いて,TokyoR#11,,https://web.archive.org/web/20150918220349/https://atnd.org/events/12062
47,2011-01-29,,caretパッケージの紹介,TokyoR#11,,https://web.archive.org/web/20150918220349/https://atnd.org/events/12062
48,2011-01-29,,RにおけるHPC 並列計算編,TokyoR#11,,https://web.archive.org/web/20150918220349/https://atnd.org/events/12062
49,2011-01-29,,Rで始めるテキストマイニング,TokyoR#11,,https://web.archive.org/web/20150918220349/https://atnd.org/events/12062
50,2011-01-29,,R言語による Random Forest 徹底入門,TokyoR#11,,https://web.archive.org/web/20150918220349/https://atnd.org/events/12062
51,2011-03-05,,Rによる回帰分析入門,TokyoR#12,,https://web.archive.org/web/20150915160127/https://atnd.org/events/13335
52,2011-03-05,,Ｒで学ぶデータサイエンス 5パターン認識 1章 判別能力の評価,TokyoR#12,,https://web.archive.org/web/20150915160127/https://atnd.org/events/13335
53,2011-03-05,,Rで学ぶ回帰分析と単位根検定,TokyoR#12,,https://web.archive.org/web/20150915160127/https://atnd.org/events/13335
54,2011-03-05,,RをSQLで操る,TokyoR#12,,https://web.archive.org/web/20150915160127/https://atnd.org/events/13335
55,2011-03-05,, Rあんな時こんな時　～いつか役立つ(かもしれない)Tips～,TokyoR#12,,https://web.archive.org/web/20150915160127/https://atnd.org/events/13335
56,2011-03-05,,世界のR(仮),TokyoR#12,,https://web.archive.org/web/20150915160127/https://atnd.org/events/13335
57,2011-04-29,,線形判別分析,TokyoR#13,,https://web.archive.org/web/20150908115035/https://atnd.org/events/14967
58,2011-04-29,, R と .NET Framework,TokyoR#13,,https://web.archive.org/web/20150908115035/https://atnd.org/events/14967
59,2011-04-29,,Rで学ぶロバスト推定,TokyoR#13,,https://web.archive.org/web/20150908115035/https://atnd.org/events/14967
60,2011-04-29,,Rで地理空間分析　地理データのとりあつかい,TokyoR#13,,https://web.archive.org/web/20150908115035/https://atnd.org/events/14967
61,2011-04-29,,YjdnJlpの紹介とか,TokyoR#13,,https://web.archive.org/web/20150908115035/https://atnd.org/events/14967
62,2011-04-29,,Rパッケージガイドブックの紹介,TokyoR#13,,https://web.archive.org/web/20150908115035/https://atnd.org/events/14967
63,2011-05-28,,非線形判別の勉強をしてみました,TokyoR#14,,https://web.archive.org/web/20151029071605/https://atnd.org/events/16080
64,2011-05-28,,Rが黄色い象に出会った,TokyoR#14,,https://web.archive.org/web/20151029071605/https://atnd.org/events/16080
65,2011-05-28,,Ｒで学ぶデータサイエンス 5パターン認識 2章 K-平均法,TokyoR#14,,https://web.archive.org/web/20151029071605/https://atnd.org/events/16080
66,2011-05-28,, Rでisomap,TokyoR#14,,https://web.archive.org/web/20151029071605/https://atnd.org/events/16080
67,2011-05-28,, Rのコードをキレイに見せたい,TokyoR#14,,https://web.archive.org/web/20151029071605/https://atnd.org/events/16080
68,2011-05-28,,QC7つ道具,TokyoR#14,,https://web.archive.org/web/20151029071605/https://atnd.org/events/16080
69,2011-05-28,,大規模データマイニングでのモデル探索手法：K-sample plot,TokyoR#14,,https://web.archive.org/web/20151029071605/https://atnd.org/events/16080
70,2011-07-02,,テキスト第11章 生存分析,TokyoR#15,,https://web.archive.org/web/20150909222427/https://atnd.org/events/17410
71,2011-07-02,,Rで学ぶデータサイエンス　第4章　混合正規分布モデル,TokyoR#15,,https://web.archive.org/web/20150909222427/https://atnd.org/events/17410
72,2011-07-02,,xtsパッケージで時系列解析,TokyoR#15,,https://web.archive.org/web/20150909222427/https://atnd.org/events/17410
73,2011-07-02,,Rによる異常検知入門（仮）,TokyoR#15,,https://web.archive.org/web/20150909222427/https://atnd.org/events/17410
74,2011-07-02,,ggplot2とgoogleVisとhwriterでレポートを作る,TokyoR#15,,https://web.archive.org/web/20150909222427/https://atnd.org/events/17410
75,2011-08-27,,"Rで学ぶデータサイエンス５パターン認識　8,9k-近傍法、学習ベクトル量子化",TokyoR#16,,https://web.archive.org/web/20151022161112/https://atnd.org/events/19192
76,2011-08-27,,Rを用いた地理的情報解析,TokyoR#16,,https://web.archive.org/web/20151022161112/https://atnd.org/events/19192
77,2011-08-27,,Rデバッグあれこれ（仮）,TokyoR#16,,https://web.archive.org/web/20151022161112/https://atnd.org/events/19192
78,2011-08-27,, Rで実験計画法,TokyoR#16,,https://web.archive.org/web/20151022161112/https://atnd.org/events/19192
79,2011-08-27,,DICEWARS by R,TokyoR#16,,https://web.archive.org/web/20151022161112/https://atnd.org/events/19192
80,2011-08-27,,Rで大規模データ解析,TokyoR#16,,https://web.archive.org/web/20151022161112/https://atnd.org/events/19192
81,2011-08-27,,シリーズRで可視化#2 インフォグラフはじめました,TokyoR#16,,https://web.archive.org/web/20151022161112/https://atnd.org/events/19192
82,2011-08-27,,異常行動検出入門 – 行動データ時系列のデータマイニング –,TokyoR#16,,https://web.archive.org/web/20151022161112/https://atnd.org/events/19192
83,2011-09-24,,Rによるデータサイエンス第１２章「時系列」,TokyoR#17,,https://web.archive.org/web/20151022165528/https://atnd.org/events/19835
84,2011-09-24,,Rで解く最適化問題 – 線型計画問題編 – ,TokyoR#17,,https://web.archive.org/web/20151022165528/https://atnd.org/events/19835
85,2011-09-24,,近似ベイズ計算でカジュアルなベイズ推定,TokyoR#17,,https://web.archive.org/web/20151022165528/https://atnd.org/events/19835
86,2011-09-24,,Rで学ぶ傾向スコア解析入門,TokyoR#17,,https://web.archive.org/web/20151022165528/https://atnd.org/events/19835
87,2011-09-24,,サーバ異常検知入門,TokyoR#17,,https://web.archive.org/web/20151022165528/https://atnd.org/events/19835
88,2011-09-24,,Rによる計量経済学入門,TokyoR#17,,https://web.archive.org/web/20151022165528/https://atnd.org/events/19835
89,2011-09-24,, TokyoR等の軌跡,TokyoR#17LT,,https://web.archive.org/web/20151022165528/https://atnd.org/events/19835
90,2011-09-24,,Rで富士山を描いてみた,TokyoR#17LT,,https://web.archive.org/web/20151022165528/https://atnd.org/events/19835
91,2011-10-22,,はじめてのR ,TokyoR#18,,https://web.archive.org/web/20150908130456/https://atnd.org/events/21050
92,2011-10-22,, XLConnectで快適なエクセルライフのご提案,TokyoR#18,,https://web.archive.org/web/20150908130456/https://atnd.org/events/21050
93,2011-10-22,,Rによるデータサイエンス第13章「樹木モデル」,TokyoR#18,,https://web.archive.org/web/20150908130456/https://atnd.org/events/21050
94,2011-10-22,,Rで学ぶ現代ポートフォリオ理論,TokyoR#18,,https://web.archive.org/web/20150908130456/https://atnd.org/events/21050
95,2011-10-22,,部分的最小二乗法,TokyoR#18,,https://web.archive.org/web/20150908130456/https://atnd.org/events/21050
96,2011-10-22,,最適化アレ コレ ソレ,TokyoR#18,,https://web.archive.org/web/20150908130456/https://atnd.org/events/21050
97,2011-10-22,,RHadoopの紹介,TokyoR#18,,https://web.archive.org/web/20150908130456/https://atnd.org/events/21050
98,2011-10-22,,Ｒで計量経済（操作変数を使ったバイアス調整）,TokyoR#18LT,,https://web.archive.org/web/20150908130456/https://atnd.org/events/21050
99,2011-11-19,,Rによるデータサイエンス 第14章 ニューラルネットワーク,TokyoR#19,,https://web.archive.org/web/20151022171044/https://atnd.org/events/22138
100,2011-11-19,,デリバティブについて,TokyoR#19,,https://web.archive.org/web/20151022171044/https://atnd.org/events/22138
101,2011-11-19,,Rで色々やってみました ,TokyoR#19,,https://web.archive.org/web/20151022171044/https://atnd.org/events/22138
102,2011-11-19,,複雑ネットワーク徹底入門,TokyoR#19,,https://web.archive.org/web/20151022171044/https://atnd.org/events/22138
103,2011-11-19,,R で解く FizzBuzz 問題,TokyoR#19LT,,https://web.archive.org/web/20151022171044/https://atnd.org/events/22138
104,2011-11-19,, RでGPU使ってみるわ～,TokyoR#19LT,,https://web.archive.org/web/20151022171044/https://atnd.org/events/22138
105,2012-01-28,,animationパッケージのご紹介(仮),TokyoR#20,,https://web.archive.org/web/20151022165111/https://atnd.org/events/24629
106,2012-01-28,,ポアソン分布と指数分布のいけない関係,TokyoR#20,,https://web.archive.org/web/20151022165111/https://atnd.org/events/24629
107,2012-01-28,,均衡データのクラス分類(仮),TokyoR#20,,https://web.archive.org/web/20151022165111/https://atnd.org/events/24629
108,2012-01-28,,Ｒでマンデルブロ集合,TokyoR#20LT,,https://web.archive.org/web/20151022165111/https://atnd.org/events/24629
109,2012-01-28,,お詫びとお知らせ,TokyoR#20LT,,https://web.archive.org/web/20151022165111/https://atnd.org/events/24629
110,2012-01-28,,Rによるデータサイエンス 第15章 カーネル法とサポートベクターマシン,TokyoR#20LT,,https://web.archive.org/web/20151022165111/https://atnd.org/events/24629
111,2012-03-10,,続・はじめてのR,TokyoR#21,,https://web.archive.org/web/20150925194756/https://atnd.org/events/24811
112,2012-03-10,,Rによるデータサイエンス第16章 集団学習,TokyoR#21,,https://web.archive.org/web/20150925194756/https://atnd.org/events/24811
113,2012-03-10,,観察データのバイアス調整,TokyoR#21,,https://web.archive.org/web/20150925194756/https://atnd.org/events/24811
114,2012-03-10,,RでGARCHモデル,TokyoR#21,,https://web.archive.org/web/20150925194756/https://atnd.org/events/24811
115,2012-03-10,,テキストマイニングで見る『機動戦士ガンダム』,TokyoR#21,,https://web.archive.org/web/20150925194756/https://atnd.org/events/24811
116,2012-03-10,,Uplift Modelling,TokyoR#21,,https://web.archive.org/web/20150925194756/https://atnd.org/events/24811
117,2012-03-10,,ＲでPSM分析,TokyoR#21LT,,https://web.archive.org/web/20150925194756/https://atnd.org/events/24811
118,2012-03-10,,オタク的な標準偏差,TokyoR#21LT,,https://web.archive.org/web/20150925194756/https://atnd.org/events/24811
119,2012-03-10,,菩薩でもわかる！Rで動かすExcelアドインの作り方,TokyoR#21LT,,https://web.archive.org/web/20150925194756/https://atnd.org/events/24811
120,2012-03-10,,二部グラフを使ったソーシャルネットワーク,TokyoR#21LT,,https://web.archive.org/web/20150925194756/https://atnd.org/events/24811
121,2012-04-28,,パターン認識,TokyoR#22,,https://web.archive.org/web/20150912010949/https://atnd.org/events/26386
122,2012-04-28,,アソシエーション分析,TokyoR#22,,https://web.archive.org/web/20150912010949/https://atnd.org/events/26386
123,2012-04-28,,Rで実験計画法中編,TokyoR#22,,https://web.archive.org/web/20150912010949/https://atnd.org/events/26386
124,2012-04-28,,選択バイアス入門,TokyoR#22,,https://web.archive.org/web/20150912010949/https://atnd.org/events/26386
125,2012-04-28,,どっち使う？分散の式,TokyoR#22LT,,https://web.archive.org/web/20150912010949/https://atnd.org/events/26386
126,2012-04-28,,ガチャとマルコフ連鎖,TokyoR#22LT,,https://web.archive.org/web/20150912010949/https://atnd.org/events/26386
127,2012-04-28,,RとProcessingの連携,TokyoR#22LT,,https://web.archive.org/web/20150912010949/https://atnd.org/events/26386
128,2012-04-28,,MKLのshogun-toolboxをRで使う,TokyoR#22LT,,https://web.archive.org/web/20150912010949/https://atnd.org/events/26386
129,2012-04-28,,Rで音声合成やってみた,TokyoR#22LT,,https://web.archive.org/web/20150912010949/https://atnd.org/events/26386
130,2012-04-28,,らくがき！,TokyoR#22LT,,https://web.archive.org/web/20150912010949/https://atnd.org/events/26386
131,2012-05-26,,そういえば，Rとは何だったか思い出してみる,TokyoR#23,,https://web.archive.org/web/20150918220441/https://atnd.org/events/28416
132,2012-05-26,,Rによるやさしい統計学 2nd Time 第一章辺りでー！二章、三章は余力あれば,TokyoR#23,,https://web.archive.org/web/20150918220441/https://atnd.org/events/28416
133,2012-05-26,,最近、混合効果モデルに興味をもった私がとりいそぎやったこと,TokyoR#23,,https://web.archive.org/web/20150918220441/https://atnd.org/events/28416
134,2012-05-26,,Rでデータマイニング 〜第二章〜,TokyoR#23,,https://web.archive.org/web/20150918220441/https://atnd.org/events/28416
135,2012-05-26,,傾向スコア解析とUplift Modelling,TokyoR#23,,https://web.archive.org/web/20150918220441/https://atnd.org/events/28416
136,2012-05-26,,CRAN Task Views でパッケージ管理,TokyoR#23LT,,https://web.archive.org/web/20150918220441/https://atnd.org/events/28416
137,2012-05-26,,Rでネットワーク分析勉強会のご紹介,TokyoR#23LT,,https://web.archive.org/web/20150918220441/https://atnd.org/events/28416
138,2012-05-26,,あるおっさんが記録し続けた データを使えば人生一発逆転か？,TokyoR#23LT,,https://web.archive.org/web/20150918220441/https://atnd.org/events/28416
139,2012-05-26,,Rで回すROKURO 2.0,TokyoR#23LT,,https://web.archive.org/web/20150918220441/https://atnd.org/events/28416
140,2012-07-07,,"Rによるやさしい統計学 第2,3章",TokyoR#24,,https://web.archive.org/web/20150910225909/https://atnd.org/events/29541
141,2012-07-07,,RでReproducible Research,TokyoR#24,,https://web.archive.org/web/20150910225909/https://atnd.org/events/29541
142,2012-07-07,,Rでデータマイニング〜サンプリングデータのケース〜,TokyoR#24,,https://web.archive.org/web/20150910225909/https://atnd.org/events/29541
143,2012-07-07,,データベースのお話し,TokyoR#24,,https://web.archive.org/web/20150910225909/https://atnd.org/events/29541
144,2012-07-07,,パフォーマンス R vs C#,TokyoR#24,,https://web.archive.org/web/20150910225909/https://atnd.org/events/29541
145,2012-07-07,,マーケティングの統計分析 – 4.2 プロモーション –,TokyoR#24,,https://web.archive.org/web/20150910225909/https://atnd.org/events/29541
146,2012-08-04,,Rによるやさしい統計学第4章 母集団と標本,TokyoR#25,,https://web.archive.org/web/20150919172719/https://atnd.org/events/30646
147,2012-08-04,,セキュリティ関係の何か,TokyoR#25,,https://web.archive.org/web/20150919172719/https://atnd.org/events/30646
148,2012-08-04,,Rで学ぶ 『倒産確率推定』,TokyoR#25,,https://web.archive.org/web/20150919172719/https://atnd.org/events/30646
149,2012-08-04,,びっぐでぇた解析環境あ～る～主としてRevolution Rのご紹介～,TokyoR#25,,https://web.archive.org/web/20150919172719/https://atnd.org/events/30646
150,2012-08-04,,ダイナミックOLS,TokyoR#25LT,,https://web.archive.org/web/20150919172719/https://atnd.org/events/30646
151,2012-08-04,,Rの乱数でいろいろ乱数を作る,TokyoR#25LT,,https://web.archive.org/web/20150919172719/https://atnd.org/events/30646
152,2012-08-04,,RStudioで始めるTシャツ祭り,TokyoR#25LT,,https://web.archive.org/web/20150919172719/https://atnd.org/events/30646
153,2012-10-20,,サンプリング方法とそれに基いた分析(仮),TokyoR#27,,https://web.archive.org/web/20140911184755/https://atnd.org/events/32714
154,2012-10-20,,R de 学ぶ逆変換法,TokyoR#27,,https://web.archive.org/web/20140911184755/https://atnd.org/events/32714
155,2012-10-20,,ggplot2に入門してみた,TokyoR#27,,https://web.archive.org/web/20140911184755/https://atnd.org/events/32714
156,2012-10-20,,僕の考える真の可愛い女性について(仮),TokyoR#27,,https://web.archive.org/web/20140911184755/https://atnd.org/events/32714
157,2012-10-20,,Rでカジュアルに異常検知 ChangeAnomalyDetectionパッケージ,TokyoR#27,,https://web.archive.org/web/20140911184755/https://atnd.org/events/32714
158,2012-10-20,,R Advent Calendar 2012 やります,TokyoR#27LT,,https://web.archive.org/web/20140911184755/https://atnd.org/events/32714
159,2013-01-26,,Rによるやさしい統計学 第６章 2つの平均値を比較する,TokyoR#28,,https://web.archive.org/web/20150909224333/https://atnd.org/events/35764
160,2013-01-26,,初心者セッション2 Rでピボットテーブル,TokyoR#28,,https://web.archive.org/web/20150909224333/https://atnd.org/events/35764
161,2013-01-26,,シリーズ前処理2013：欠測データの補完,TokyoR#28,,https://web.archive.org/web/20150909224333/https://atnd.org/events/35764
162,2013-01-26,,Rで行うブランド資産測定〜自由記述文章分析編〜,TokyoR#28,,https://web.archive.org/web/20150909224333/https://atnd.org/events/35764
163,2013-01-26,,mboostパッケージについて,TokyoR#28,,https://web.archive.org/web/20150909224333/https://atnd.org/events/35764
164,2013-01-26,,shinyはじめました,TokyoR#28,,https://web.archive.org/web/20150909224333/https://atnd.org/events/35764
165,2013-01-26,,Rで階層ベイズモデル（仮）,TokyoR#28,,https://web.archive.org/web/20150909224333/https://atnd.org/events/35764
166,2013-01-26,,標準偏差と不偏標準偏差とを母集団の大きさと標本の大きさとを変えて比較してみた,TokyoR#28LT,,https://web.archive.org/web/20150909224333/https://atnd.org/events/35764
167,2013-01-26,,顔,TokyoR#28LT,,https://web.archive.org/web/20150909224333/https://atnd.org/events/35764
168,2013-01-26,,アッシェンフェルターのワイン方程式,TokyoR#28LT,,https://web.archive.org/web/20150909224333/https://atnd.org/events/35764
169,2013-01-26,,Rでレポートメール,TokyoR#28LT,,https://web.archive.org/web/20150909224333/https://atnd.org/events/35764
170,2013-02-23,,Rによるやさしい統計学 第７章 分散分析,TokyoR#29,,https://web.archive.org/web/20151022161703/https://atnd.org/events/36417
171,2013-02-23,,Rで始めるかもしれない顧客ベース分析,TokyoR#29,,https://web.archive.org/web/20151022161703/https://atnd.org/events/36417
172,2013-02-23,,mboostパッケージについて,TokyoR#29,,https://web.archive.org/web/20151022161703/https://atnd.org/events/36417
173,2013-02-23,,RでAHP,TokyoR#29,,https://web.archive.org/web/20151022161703/https://atnd.org/events/36417
174,2013-02-23,,シリーズ前処理2013：外れ値（仮）,TokyoR#29,,https://web.archive.org/web/20151022161703/https://atnd.org/events/36417
175,2013-02-23,,ベイジアンネットワークによる推論モデルの構築,TokyoR#29,,https://web.archive.org/web/20151022161703/https://atnd.org/events/36417
176,2013-02-23,,R＠Qiita,TokyoR#29LT,,https://web.archive.org/web/20151022161703/https://atnd.org/events/36417
177,2013-02-23,,RとC++と画像処理 (PARR2),TokyoR#29LT,,https://web.archive.org/web/20151022161703/https://atnd.org/events/36417
178,2013-02-23,,信号検出理論とR,TokyoR#29LT,,https://web.archive.org/web/20151022161703/https://atnd.org/events/36417
179,2013-02-23,,Tokyo.R 白熱教室「これからのRcppの話をしよう」,TokyoR#29LT,,https://web.archive.org/web/20151022161703/https://atnd.org/events/36417
180,2013-02-23,,Rのコーディングを勉強してみた,TokyoR#29LT,,https://web.archive.org/web/20151022161703/https://atnd.org/events/36417
181,2013-02-23,,セイバーメトリクス,TokyoR#29LT,,https://web.archive.org/web/20151022161703/https://atnd.org/events/36417
182,2013-04-20,,Rによるやさしい統計学 第７章 分散分析（後半）,TokyoR#30,,https://web.archive.org/web/20150908120616/https://atnd.org/events/38512
183,2013-04-20,,協調フィルタリング入門,TokyoR#30,,https://web.archive.org/web/20150908120616/https://atnd.org/events/38512
184,2013-04-20,,歴史を学んでＲ言語の未来を考える,TokyoR#30,,https://web.archive.org/web/20150908120616/https://atnd.org/events/38512
185,2013-04-20,,Rでコンジョイント分析,TokyoR#30,,https://web.archive.org/web/20150908120616/https://atnd.org/events/38512
186,2013-04-20,,plyrパッケージで君も前処理スタ☆,TokyoR#30,,https://web.archive.org/web/20150908120616/https://atnd.org/events/38512
187,2013-04-20,,RとC++と画像処理 (PART3),TokyoR#30LT,,https://web.archive.org/web/20150908120616/https://atnd.org/events/38512
188,2013-04-20,,.NET で書いて R で実行,TokyoR#30LT,,https://web.archive.org/web/20150908120616/https://atnd.org/events/38512
189,2013-04-20,,fluentdとR でお手軽ログ解析,TokyoR#30LT,,https://web.archive.org/web/20150908120616/https://atnd.org/events/38512
190,2013-04-20,,R 3.0.0 is released!,TokyoR#30LT,,https://web.archive.org/web/20150908120616/https://atnd.org/events/38512
191,2013-04-20,,RでSPARQL,TokyoR#30LT,,https://web.archive.org/web/20150908120616/https://atnd.org/events/38512
192,2013-04-20,,R-3.0.0を使ってみてわかったn個のこと,TokyoR#30LT,,https://web.archive.org/web/20150908120616/https://atnd.org/events/38512
193,2013-06-01,,Rによるやさしい統計学 第７章 分散分析（後半の後半）,TokyoR#31,,https://web.archive.org/web/20150908191002/https://atnd.org/events/38992
194,2013-06-01,,中の人が語る seekR.jp の裏技（仮）,TokyoR#31,,https://web.archive.org/web/20150908191002/https://atnd.org/events/38992
195,2013-06-01,,始めよう多変量解析～主成分分析編～,TokyoR#31,,https://web.archive.org/web/20150908191002/https://atnd.org/events/38992
196,2013-06-01,,R言語で学ぶマーケティング分析 – 競争ポジショニング戦略 –,TokyoR#31,,https://web.archive.org/web/20150908191002/https://atnd.org/events/38992
197,2013-06-01,,R による自然言語処理入門（仮）,TokyoR#31,,https://web.archive.org/web/20150908191002/https://atnd.org/events/38992
198,2013-06-01,,RとPythonによるデータ解析入門,TokyoR#31,,https://web.archive.org/web/20150908191002/https://atnd.org/events/38992
199,2013-06-01,,RでARIMAの話,TokyoR#31LT,,https://web.archive.org/web/20150908191002/https://atnd.org/events/38992
200,2013-06-01,,rzmqで並列分散コンピューティング,TokyoR#31LT,,https://web.archive.org/web/20150908191002/https://atnd.org/events/38992
201,2013-06-01,,可視化周辺の進化がヤヴァイ～rChartsを中心として～,TokyoR#31LT,,https://web.archive.org/web/20150908191002/https://atnd.org/events/38992
202,2013-06-01,,ABテストと結果の検定,TokyoR#31LT,,https://web.archive.org/web/20150908191002/https://atnd.org/events/38992
203,2013-06-01,,R で自然順ソートを実装してみた,TokyoR#31LT,,https://web.archive.org/web/20150908191002/https://atnd.org/events/38992
204,2013-07-20,,平均から正規分布まで,TokyoR#32,,https://web.archive.org/web/20140911201225/https://atnd.org/events/40213
205,2013-07-20,,実践で学ぶネットワーク分析,TokyoR#32,,https://web.archive.org/web/20140911201225/https://atnd.org/events/40213
206,2013-07-20,,独立成分分析,TokyoR#32,,https://web.archive.org/web/20140911201225/https://atnd.org/events/40213
207,2013-07-20,,質的変数の相関と因子分析,TokyoR#32,,https://web.archive.org/web/20140911201225/https://atnd.org/events/40213
208,2013-07-20,,Ｓ言語拡張のアイデアと淘汰,TokyoR#32,,https://web.archive.org/web/20140911201225/https://atnd.org/events/40213
209,2013-07-20,,RとC++と画像処理 (PART4),TokyoR#32LT,,https://web.archive.org/web/20140911201225/https://atnd.org/events/40213
210,2013-07-20,,サンプリングと推定(仮),TokyoR#32LT,,https://web.archive.org/web/20140911201225/https://atnd.org/events/40213
211,2013-07-20,,Rとオープンデータ(仮),TokyoR#32LT,,https://web.archive.org/web/20140911201225/https://atnd.org/events/40213
212,2013-08-31,,因子分析,TokyoR#33,,https://web.archive.org/web/20150925193804/https://atnd.org/events/42438
213,2013-08-31,,ロジスティック回帰の考え方・使い方,TokyoR#33,,https://web.archive.org/web/20150925193804/https://atnd.org/events/42438
214,2013-08-31,,Rで計量時系列分析～駆け足でCRANパッケージ総ざらい～,TokyoR#33,,https://web.archive.org/web/20150925193804/https://atnd.org/events/42438
215,2013-08-31,,Rで項目反応理論、テキストマイニング、研修やってますという三題噺,TokyoR#33,,https://web.archive.org/web/20150925193804/https://atnd.org/events/42438
216,2013-08-31,,21世紀の手法対決,TokyoR#33,,https://web.archive.org/web/20150925193804/https://atnd.org/events/42438
217,2013-08-31,,位置情報アプリのチェックインデータを使った相関分析,TokyoR#33LT,,https://web.archive.org/web/20150925193804/https://atnd.org/events/42438
218,2013-08-31,,僕がRを使って篠崎愛似の彼女を見つけるまで,TokyoR#33LT,,https://web.archive.org/web/20150925193804/https://atnd.org/events/42438
219,2013-08-31,,RcppEigenと特異値分解,TokyoR#33LT,,https://web.archive.org/web/20150925193804/https://atnd.org/events/42438
220,2013-08-31,,"とある金融屋の統計技師が時系列解析してみた~To my dear wife, phoenix~",TokyoR#33LT,,https://web.archive.org/web/20150925193804/https://atnd.org/events/42438
221,2013-08-31,,『データサイエンティストになれなかった皆さんへ(仮)』,TokyoR#33LT,,https://web.archive.org/web/20150925193804/https://atnd.org/events/42438
222,2013-08-31,,相関係数と決定係数,TokyoR#33LT,,https://web.archive.org/web/20150925193804/https://atnd.org/events/42438
223,2013-08-31,,機動戦士ガンダムのその後,TokyoR#33LT,,https://web.archive.org/web/20150925193804/https://atnd.org/events/42438
224,2013-08-31,,R+python で KAGGLE2値予測に挑戦!,TokyoR#33LT,,https://web.archive.org/web/20150925193804/https://atnd.org/events/42438
225,2013-10-12,,決定木,TokyoR#34,,https://web.archive.org/web/20150925224140/https://atnd.org/events/43885
226,2013-10-12,,共分散構造分析,TokyoR#34,,https://web.archive.org/web/20150925224140/https://atnd.org/events/43885
227,2013-10-12,,MCMCとかの理論的なところをRで例を見ながら的な,TokyoR#34,,https://web.archive.org/web/20150925224140/https://atnd.org/events/43885
228,2013-10-12,,アクションマイニングによる最適アクションの導出,TokyoR#34,,https://web.archive.org/web/20150925224140/https://atnd.org/events/43885
229,2013-10-12,,決定木を用いた、異性タイプの嗜好パターン分析,TokyoR#34LT,,https://web.archive.org/web/20150925224140/https://atnd.org/events/43885
230,2013-11-09,,テキスト,TokyoR#35,,https://web.archive.org/web/20150925193818/https://atnd.org/events/45114
231,2013-11-09,,Rユーザのための？ Julia入門,TokyoR#35,,https://web.archive.org/web/20150925193818/https://atnd.org/events/45114
232,2013-11-09,,data.tableパッケージで大規模データをサクッと処理する,TokyoR#35,,https://web.archive.org/web/20150925193818/https://atnd.org/events/45114
233,2013-11-09,,Rでネットワーク解析とGIS,TokyoR#35,,https://web.archive.org/web/20150925193818/https://atnd.org/events/45114
234,2013-11-09,,ロバスティーヌのお悩み,TokyoR#35LT,,https://web.archive.org/web/20150925193818/https://atnd.org/events/45114
235,2013-11-09,,Multi-Armed-Bundit in R,TokyoR#35LT,,https://web.archive.org/web/20150925193818/https://atnd.org/events/45114
236,2013-11-09,,5分でわかるベイズ確率,TokyoR#35LT,,https://web.archive.org/web/20150925193818/https://atnd.org/events/45114
237,2013-11-09,,しゅうかつ,TokyoR#35LT,,https://web.archive.org/web/20150925193818/https://atnd.org/events/45114
238,2013-11-09,,ソフトウェアジャパン2014の紹介,TokyoR#35LT,,https://web.archive.org/web/20150925193818/https://atnd.org/events/45114
239,2013-11-09,,R Advent Calendar 2013 のご案内,TokyoR#35LT,,https://web.archive.org/web/20150925193818/https://atnd.org/events/45114
240,2013-11-09,,西内まりやとセブンイレブンのドミナント戦略のKPIとVisualisationについて,TokyoR#35LT,,https://web.archive.org/web/20150925193818/https://atnd.org/events/45114
241,2014-02-22,,Rによるやさしい統計学 第20章 検定力分析によるサンプルサイズの決定,TokyoR#36,,https://web.archive.org/web/20140912045445/https://atnd.org/events/47713
242,2014-02-22,,～knitrパッケージではじめる～『R MarkdownでReproducible Research』,TokyoR#36,,https://web.archive.org/web/20140912045445/https://atnd.org/events/47713
243,2014-02-22,,RでSPADEとSNEを使って次元削減と可視化,TokyoR#36,,https://web.archive.org/web/20140912045445/https://atnd.org/events/47713
244,2014-02-22,,Rで学ぶ離散選択モデル,TokyoR#36,,https://web.archive.org/web/20140912045445/https://atnd.org/events/47713
245,2014-02-22,,EasyHTMLReportの紹介,TokyoR#36,,https://web.archive.org/web/20140912045445/https://atnd.org/events/47713
246,2014-02-22,,dplyrパッケージ徹底解説,TokyoR#36LT,,https://web.archive.org/web/20140912045445/https://atnd.org/events/47713
247,2014-02-22,,ゲームパラメータの決定方法,TokyoR#36LT,,https://web.archive.org/web/20140912045445/https://atnd.org/events/47713
248,2014-02-22,,Rで部分空間法,TokyoR#36LT,,https://web.archive.org/web/20140912045445/https://atnd.org/events/47713
249,2014-02-22,,Rと確率分布,TokyoR#36LT,,https://web.archive.org/web/20140912045445/https://atnd.org/events/47713
250,2014-02-22,,RStan で作る人工データ,TokyoR#36LT,,https://web.archive.org/web/20140912045445/https://atnd.org/events/47713
251,2014-02-22,,Rで見るサーモンの価格周期性,TokyoR#36LT,,https://web.archive.org/web/20140912045445/https://atnd.org/events/47713
252,2014-03-29,,テキスト,TokyoR#37,,https://web.archive.org/web/20150925193828/https://atnd.org/events/48048
253,2014-03-29,,Rによる特徴選択,TokyoR#37,,https://web.archive.org/web/20150925193828/https://atnd.org/events/48048
254,2014-03-29,,Rで学ぶ離散選択モデル(リベンジ),TokyoR#37,,https://web.archive.org/web/20150925193828/https://atnd.org/events/48048
255,2014-03-29,,Rでお部屋探し,TokyoR#37,,https://web.archive.org/web/20150925193828/https://atnd.org/events/48048
256,2014-03-29,,Rで分位点回帰,TokyoR#37LT,,https://web.archive.org/web/20150925193828/https://atnd.org/events/48048
257,2014-03-29,,rchartsによるインタラクティブな可視化表現,TokyoR#37LT,,https://web.archive.org/web/20150925193828/https://atnd.org/events/48048
258,2014-03-29,,ちょっと詳しい欠測データの補完,TokyoR#37LT,,https://web.archive.org/web/20150925193828/https://atnd.org/events/48048
259,2014-03-29,,生物成長曲線予測の事例,TokyoR#37LT,,https://web.archive.org/web/20150925193828/https://atnd.org/events/48048
260,2014-03-29,,暮らしの中のデータマイニング その１ 〜初対面の人に会うとき〜,TokyoR#37LT,,https://web.archive.org/web/20150925193828/https://atnd.org/events/48048
261,2014-03-29,,カーネルとSVM,TokyoR#37LT,,https://web.archive.org/web/20150925193828/https://atnd.org/events/48048
262,2014-04-19,,パッケージの作り方,TokyoR#38,,https://web.archive.org/web/20150925193854/https://atnd.org/events/49186
263,2014-04-19,,機械学習のモデル構築・評価について,TokyoR#38,,https://web.archive.org/web/20150925193854/https://atnd.org/events/49186
264,2014-04-19,,状態空間モデルの考え方•使い方,TokyoR#38,,https://web.archive.org/web/20150925193854/https://atnd.org/events/49186
265,2014-04-19,,100人のための統計解析 – 和食レストラン編,TokyoR#38,,https://web.archive.org/web/20150925193854/https://atnd.org/events/49186
266,2014-04-19,,R で学ぶ関数型プログラミング,TokyoR#38,,https://web.archive.org/web/20150925193854/https://atnd.org/events/49186
267,2014-04-19,,Rで野球のデータ解析がしたい,TokyoR#38LT,,https://web.archive.org/web/20150925193854/https://atnd.org/events/49186
268,2014-04-19,,アンケート分析で、AICを自力でstepより改善してみた,TokyoR#38LT,,https://web.archive.org/web/20150925193854/https://atnd.org/events/49186
269,2014-04-19,,某データ分析コンペサイトの話,TokyoR#38LT,,https://web.archive.org/web/20150925193854/https://atnd.org/events/49186
270,2014-05-31,,Rで学ぶデータマイニングⅠ 第14〜15章,TokyoR#39,,https://web.archive.org/web/20150925224212/https://atnd.org/events/50887
271,2014-05-31,,(1)RStudioの日本語化(2)データサイエンスの研修やってます,TokyoR#39,,https://web.archive.org/web/20150925224212/https://atnd.org/events/50887
272,2014-05-31,,Rで野球解析,TokyoR#39,,https://web.archive.org/web/20150925224212/https://atnd.org/events/50887
273,2014-05-31,,Excelで集計分析,TokyoR#39,,https://web.archive.org/web/20150925224212/https://atnd.org/events/50887
274,2014-05-31,,Rと地図（とベイズ）のお話,TokyoR#39,,https://web.archive.org/web/20150925224212/https://atnd.org/events/50887
275,2014-05-31,,Devium を使ったヒト血清中化学物質の解析,TokyoR#39,,https://web.archive.org/web/20150925224212/https://atnd.org/events/50887
276,2014-05-31,,お前の逐モン、GETだぜ！,TokyoR#39LT,,https://web.archive.org/web/20150925224212/https://atnd.org/events/50887
277,2014-05-31,,Rでダイエット,TokyoR#39LT,,https://web.archive.org/web/20150925224212/https://atnd.org/events/50887
278,2014-05-31,,家に早く帰りたい,TokyoR#39LT,,https://web.archive.org/web/20150925224212/https://atnd.org/events/50887
279,2014-05-31,,RとJulia（仮）,TokyoR#39LT,,https://web.archive.org/web/20150925224212/https://atnd.org/events/50887
280,2014-05-31,,高速で前処理するNYSOL,TokyoR#39LT,,https://web.archive.org/web/20150925224212/https://atnd.org/events/50887
281,2014-06-14,,Rで学ぶデータマイニングⅠ 第16章,TokyoR#40,,https://web.archive.org/web/20150919082848/https://atnd.org/events/51779
282,2014-06-14,,ハイブリッド型樹木法,TokyoR#40,,https://web.archive.org/web/20150919082848/https://atnd.org/events/51779
283,2014-06-14,,動学的パネルデータ分析,TokyoR#40,,https://web.archive.org/web/20150919082848/https://atnd.org/events/51779
284,2014-06-14,,独立成分分析,TokyoR#40,,https://web.archive.org/web/20150919082848/https://atnd.org/events/51779
285,2014-06-14,,おとうさんでもできます,TokyoR#40LT,,https://web.archive.org/web/20150919082848/https://atnd.org/events/51779
286,2014-06-14,,RでExperience APIをいじる,TokyoR#40LT,,https://web.archive.org/web/20150919082848/https://atnd.org/events/51779
287,2014-06-14,,socceR！,TokyoR#40LT,,https://web.archive.org/web/20150919082848/https://atnd.org/events/51779
288,2014-07-12,,Rで学ぶデータマイニングⅠ 第17章,TokyoR#41,,https://web.archive.org/web/20150924233402/https://atnd.org/events/52749
289,2014-07-12,,Rパッケージ作成,TokyoR#41,,https://web.archive.org/web/20150924233402/https://atnd.org/events/52749
290,2014-07-12,,I/Oについて　~ミスマッチを減らせ！～,TokyoR#41,,https://web.archive.org/web/20150924233402/https://atnd.org/events/52749
291,2014-07-12,,サポートベクターマシン入門 〜オブジェクト自動識別システムの構築〜,TokyoR#41,,https://web.archive.org/web/20150924233402/https://atnd.org/events/52749
292,2014-07-12,,Yokohama.Rはじめますた,TokyoR#41LT,,https://web.archive.org/web/20150924233402/https://atnd.org/events/52749
293,2014-07-12,,久しぶりのISM,TokyoR#41LT,,https://web.archive.org/web/20150924233402/https://atnd.org/events/52749
294,2014-07-12,,UseR!2014@LA,TokyoR#41LT,,https://web.archive.org/web/20150924233402/https://atnd.org/events/52749
295,2014-08-30,,導入セッション 2 データの可視化（ggplot2）,TokyoR#42,,https://web.archive.org/web/20150925231315/https://atnd.org/events/54680
296,2014-08-30,,Rで学ぶデータマイニングⅠ 第18章,TokyoR#42,,https://web.archive.org/web/20150925231315/https://atnd.org/events/54680
297,2014-08-30,,はじめようテキスト自動要約,TokyoR#42,,https://web.archive.org/web/20150925231315/https://atnd.org/events/54680
298,2014-08-30,,パッケージ作成法（RStudio編）,TokyoR#42,,https://web.archive.org/web/20150925231315/https://atnd.org/events/54680
299,2014-08-30,,データハンドリング系の何か,TokyoR#42,,https://web.archive.org/web/20150925231315/https://atnd.org/events/54680
300,2014-08-30,,Rの影について,TokyoR#42LT,,https://web.archive.org/web/20150925231315/https://atnd.org/events/54680
301,2014-08-30,,Bokete Player の裏側,TokyoR#42LT,,https://web.archive.org/web/20150925231315/https://atnd.org/events/54680
302,2014-08-30,,データサイエンティスト必見！M-1グランプリ,TokyoR#42LT,,https://web.archive.org/web/20150925231315/https://atnd.org/events/54680
303,2014-11-01,,テキスト：セグメンテーション,TokyoR#44,,https://web.archive.org/web/20150925195344/https://atnd.org/events/57640
304,2014-11-01,,シリーズ前処理2014 小綺麗なデータ作成,TokyoR#44,,https://web.archive.org/web/20150925195344/https://atnd.org/events/57640
305,2014-11-01,,Jubatusつかってみたよ,TokyoR#44,,https://web.archive.org/web/20150925195344/https://atnd.org/events/57640
306,2014-11-01,,シリーズ前処理2014 次元削減,TokyoR#44,,https://web.archive.org/web/20150925195344/https://atnd.org/events/57640
307,2014-11-01,,RColorBrewerとcolorRampPalette()で地図描画,TokyoR#44LT,,https://web.archive.org/web/20150925195344/https://atnd.org/events/57640
308,2014-11-01,,Rユーザーのためのmコマンド,TokyoR#44LT,,https://web.archive.org/web/20150925195344/https://atnd.org/events/57640
309,2014-11-01,,ガチで理系な方に、その相関は間違ってます、と言われたマーケ女子の話,TokyoR#44LT,,https://web.archive.org/web/20150925195344/https://atnd.org/events/57640
310,2014-11-01,,近況報告,TokyoR#44LT,,https://web.archive.org/web/20150925195344/https://atnd.org/events/57640
311,2014-11-01,,この１年間を振り返って,TokyoR#44LT,,https://web.archive.org/web/20150925195344/https://atnd.org/events/57640
312,2014-11-01,,これからのRとデータの話をしよう,TokyoR#44LT,,https://web.archive.org/web/20150925195344/https://atnd.org/events/57640
313,2015-01-17,,Rによる回帰分析,TokyoR#45,,https://web.archive.org/web/20150918221501/https://atnd.org/events/60908
314,2015-01-17,,2015 Rコトハジメ,TokyoR#45,,https://web.archive.org/web/20150918221501/https://atnd.org/events/60908
315,2015-01-17,,シリーズ前処理2015①,TokyoR#45,,https://web.archive.org/web/20150918221501/https://atnd.org/events/60908
316,2015-01-17,,typedFunction ∼型情報で  Rをスピードアップ,TokyoR#45,,https://web.archive.org/web/20150918221501/https://atnd.org/events/60908
317,2015-01-17,,カーネル多変量解析 第２章 カーネル多変量解析の仕組み,TokyoR#45,,https://web.archive.org/web/20150918221501/https://atnd.org/events/60908
318,2015-01-17,,Jenkins によるレポートスクリプト管理,TokyoR#45LT,,https://web.archive.org/web/20150918221501/https://atnd.org/events/60908
319,2015-01-17,,巨人の勝率を上げるbot作りました,TokyoR#45LT,,https://web.archive.org/web/20150918221501/https://atnd.org/events/60908
320,2015-01-17,,Shiny で確率分布を学ぶアプリ作った,TokyoR#45LT,,https://web.archive.org/web/20150918221501/https://atnd.org/events/60908
321,2015-01-17,,分析で好みの娘をぶっこぬく,TokyoR#45LT,,https://web.archive.org/web/20150918221501/https://atnd.org/events/60908
322,2015-01-17,,「R for Cloud Computing」,TokyoR#45LT,,https://web.archive.org/web/20150918221501/https://atnd.org/events/60908
323,2015-02-21,,「使える大学・使えない大学」の事例から考えるアンケートの解析方法,TokyoR#46,,https://web.archive.org/web/20150925224246/https://atnd.org/events/61553
324,2015-02-21,,Omitted variables in Logistic regression（仮）,TokyoR#47,,https://web.archive.org/web/20150925224246/https://atnd.org/events/61553
325,2015-02-21,,htmlwidgetsでJavascriptの可視化をRに,TokyoR#48,,https://web.archive.org/web/20150925224246/https://atnd.org/events/61553
326,2015-02-21,,cyREST入門～RとCytoscapeのAPI連携～,TokyoR#49,,https://web.archive.org/web/20150925224246/https://atnd.org/events/61553
327,2015-02-21,,R6パッケージの紹介：機能と実装,TokyoR#50,,https://web.archive.org/web/20150925224246/https://atnd.org/events/61553
328,2015-02-21,,ULT × 3,TokyoR#46LT,,https://web.archive.org/web/20150925224246/https://atnd.org/events/61553
329,2015-02-21,,Japan.R補完計画,TokyoR#46LT,,https://web.archive.org/web/20150925224246/https://atnd.org/events/61553
330,2015-02-21,,最強のハードディスクはどれだ？,TokyoR#46LT,,https://web.archive.org/web/20150925224246/https://atnd.org/events/61553
331,2015-02-21,,俺とRとディリクレ分布,TokyoR#46LT,,https://web.archive.org/web/20150925224246/https://atnd.org/events/61553
332,2015-03-28,,初心者セッション 1：10分で分かるR言語入門,TokyoR#47,,https://web.archive.org/web/20160618004959/http://atnd.org/events/63990
333,2015-03-28,,初心者セッション2：続はじめてのR,TokyoR#47,,https://web.archive.org/web/20160618004959/http://atnd.org/events/63990
334,2015-03-28,,uplit modellingを使ったDM最適化,TokyoR#47,,https://web.archive.org/web/20160618004959/http://atnd.org/events/63990
335,2015-03-28,,形態素解析器 MeCab の新語・固有表現辞書 mecab-ipadic-neologd のご紹介とその応用例に関するデモ,TokyoR#47,,https://web.archive.org/web/20160618004959/http://atnd.org/events/63990
336,2015-06-20,,Rを極めて個人的な意思決定に活かす,TokyoR#48,,https://web.archive.org/web/20150909233331/https://atnd.org/events/66469
337,2015-06-20,,プログラミング言語Roop,TokyoR#48,,https://web.archive.org/web/20150909233331/https://atnd.org/events/66469
338,2015-06-20,,RユーザのためのSpark入門,TokyoR#48,,https://web.archive.org/web/20150909233331/https://atnd.org/events/66469
339,2015-06-20,,R のモデルの扱い方,TokyoR#48,,https://web.archive.org/web/20150909233331/https://atnd.org/events/66469
340,2015-06-20,,俺のオジーがそんなにアホなわけがない（仮）,TokyoR#48LT,,https://web.archive.org/web/20150909233331/https://atnd.org/events/66469
341,2015-06-20,,Github PagesでRPubsにサヨナラ！,TokyoR#48LT,,https://web.archive.org/web/20150909233331/https://atnd.org/events/66469
342,2015-06-20,,R HTMLでドキュメントを作るのは間違っているのだろうか,TokyoR#48LT,,https://web.archive.org/web/20150909233331/https://atnd.org/events/66469
343,2015-06-20,,1億5千万円欲しい (ロト6で遊ぶ),TokyoR#48LT,,https://web.archive.org/web/20150909233331/https://atnd.org/events/66469
344,2015-06-20,,R で簡単に並列処理が書ける pforeach パッケージ,TokyoR#48LT,,https://web.archive.org/web/20150909233331/https://atnd.org/events/66469
345,2015-06-20,,規約にまつわるエトセトラ,TokyoR#48LT,,https://web.archive.org/web/20150909233331/https://atnd.org/events/66469
346,2015-06-20,,『glmnet』の使い方,TokyoR#48LT,,https://web.archive.org/web/20150909233331/https://atnd.org/events/66469
347,2015-06-20,,代謝解析練習用データUpした,TokyoR#48LT,,https://web.archive.org/web/20150909233331/https://atnd.org/events/66469
348,2015-06-20,,Rによる特徴抽出,TokyoR#48LT,,https://web.archive.org/web/20150909233331/https://atnd.org/events/66469
349,2015-10-10,,初心者セッション 1：10分でわかるR言語入門,TokyoR#51,,https://web.archive.org/web/20180622165401/https://atnd.org/events/70522
350,2015-10-10,,初心者セッション3：インタラクティブな可視化,TokyoR#51,,https://web.archive.org/web/20180622165401/https://atnd.org/events/70522
351,2015-10-10,,イチローvs松井、どっちが凄いか調べてみた,TokyoR#51,,https://web.archive.org/web/20180622165401/https://atnd.org/events/70522
352,2015-10-10,,rstanで実装するマルコフスイッチング,TokyoR#51LT,,https://web.archive.org/web/20180622165401/https://atnd.org/events/70522
353,2016-04-30,,実務でもきっと役立つ統計的因果推論,TokyoR#53,,https://web.archive.org/web/20190329175329/https://atnd.org/events/76648
354,2016-04-30,,ハドリーさん、進捗どうですか？」（仮）,TokyoR#53,,https://web.archive.org/web/20190329175329/https://atnd.org/events/76648
355,2016-04-30,,『実験計画　or クロス表のベイズ分析』,TokyoR#53,,https://web.archive.org/web/20190329175329/https://atnd.org/events/76648
356,2016-04-30,,Rでやってみた金融テキストマイニング,TokyoR#53LT,,https://web.archive.org/web/20190329175329/https://atnd.org/events/76648
357,2016-04-30,,R Markdownのちょいネタ集,TokyoR#53LT,,https://web.archive.org/web/20190329175329/https://atnd.org/events/76648
358,2016-04-30,,mxnetで回帰,TokyoR#53LT,,https://web.archive.org/web/20190329175329/https://atnd.org/events/76648
359,2016-04-30,,dplyrとは何だったのか,TokyoR#53LT,,https://web.archive.org/web/20190329175329/https://atnd.org/events/76648
360,2016-04-30,,解約リストと分析と現場,TokyoR#53LT,,https://web.archive.org/web/20190329175329/https://atnd.org/events/76648
361,2016-06-19,,2016年上半期版データマエショリスト入門,TokyoR#54,,https://web.archive.org/web/20190329221536/https://atnd.org/events/77861
362,2016-06-19,,Datascience for me(仮),TokyoR#54,,https://web.archive.org/web/20190329221536/https://atnd.org/events/77861
363,2016-06-19,,Rで（当たらない）競馬予想をやってみた,TokyoR#54,,https://web.archive.org/web/20190329221536/https://atnd.org/events/77861
364,2016-07-30,,初心者セッション2：GUIでらくらくRデータ解析,TokyoR#55,,https://web.archive.org/web/20190329222741/https://atnd.org/events/79586
365,2016-07-30,,可視化周辺の進化がヤヴァイ 2016 〜Plotlyを中心として〜,TokyoR#55,,https://web.archive.org/web/20190329222741/https://atnd.org/events/79586
366,2016-07-30,,実行環境について,TokyoR#55,,https://web.archive.org/web/20190329222741/https://atnd.org/events/79586
367,2016-07-30,,RStudioでRnotebook機能を使ってみる,TokyoR#55LT,,https://web.archive.org/web/20190329222741/https://atnd.org/events/79586
368,2016-07-30,,randomForestで感度分析,TokyoR#55LT,,https://web.archive.org/web/20190329222741/https://atnd.org/events/79586
369,2016-07-30,,RMeCabと正規表現,TokyoR#55LT,,https://web.archive.org/web/20190329222741/https://atnd.org/events/79586
370,2016-07-30,,ドラえもんでわかる統計的因果推論,TokyoR#55LT,,https://web.archive.org/web/20190329222741/https://atnd.org/events/79586
371,2016-07-30,,SVMで欧州サッカーリーグの試合結果予測,TokyoR#55LT,,https://web.archive.org/web/20190329222741/https://atnd.org/events/79586
372,2016-07-30,,日てれ サル語講座1,TokyoR#55LT,,https://web.archive.org/web/20190329222741/https://atnd.org/events/79586
373,2016-08-20,,あまぁ〜い Rcpp 生活,TokyoR#56,,https://web.archive.org/web/20190329162941/https://atnd.org/events/80416
374,2016-08-20,,installrパッケージで簡単R環境構築,TokyoR#56,,https://web.archive.org/web/20190329162941/https://atnd.org/events/80416
375,2016-08-20,,甘さを抑えたRcpp,TokyoR#56LT,,https://web.archive.org/web/20190329162941/https://atnd.org/events/80416
376,2016-08-20,,Rcppが支えるパッケージ,TokyoR#56LT,,https://web.archive.org/web/20190329162941/https://atnd.org/events/80416
377,2016-08-20,,匿名バイナリ配布集団rwinlibについて,TokyoR#56LT,,https://web.archive.org/web/20190329162941/https://atnd.org/events/80416
378,2016-09-24,,RとStanでクラウドセットアップ時間を分析してみたら,TokyoR#57,,https://web.archive.org/web/20190329190958/https://atnd.org/events/81471
379,2017-01-21,,因果推論と個人情報と欠測補完のお話,TokyoR#58,,https://web.archive.org/web/20190329213015/https://atnd.org/events/84839
380,2017-01-21,,マイニングのデータをマイニングしてみた,TokyoR#58,,https://web.archive.org/web/20190329213015/https://atnd.org/events/84839
381,2017-01-21,,野良ビッグデータへの誘い,TokyoR#58,,https://web.archive.org/web/20190329213015/https://atnd.org/events/84839
382,2017-01-21,,高次元データにおけるun-biased Average Treatment Effects の推定,TokyoR#58,,https://web.archive.org/web/20190329213015/https://atnd.org/events/84839
383,2017-01-21,,Finding Alternate Features in Lassos with R,TokyoR#58LT,,https://web.archive.org/web/20190329213015/https://atnd.org/events/84839
384,2017-01-21,,RとGeoJsonを用いた地理的分析の可視化,TokyoR#58LT,,https://web.archive.org/web/20190329213015/https://atnd.org/events/84839
385,2017-01-21,,ソフトウェアジャパンの紹介,TokyoR#58LT,,https://web.archive.org/web/20190329213015/https://atnd.org/events/84839
386,2017-01-21,,どきどき de R,TokyoR#58LT,,https://web.archive.org/web/20190329213015/https://atnd.org/events/84839
387,2017-03-18,,ウェブAPIのためのRパッケージ作成の勘所（仮）,TokyoR#59,,https://web.archive.org/web/20190329211233/https://atnd.org/events/86528
388,2017-03-18,,mlrパッケージによる機械学習実践入門,TokyoR#59LT,,https://web.archive.org/web/20190329211233/https://atnd.org/events/86528
389,2017-03-18,,factorと和解せよ,TokyoR#59LT,,https://web.archive.org/web/20190329211233/https://atnd.org/events/86528
390,2017-03-18,,fukuoka.R#07のお知らせと福岡在住2ヶ月のdoradora09が感じた福岡の分析事情,TokyoR#59LT,,https://web.archive.org/web/20190329211233/https://atnd.org/events/86528
391,2017-03-18,,パッケージ作った（仮）,TokyoR#59LT,,https://web.archive.org/web/20190329211233/https://atnd.org/events/86528
392,2017-03-18,,５分でできる範囲で確率分布入門のための確率入門,TokyoR#59LT,,https://web.archive.org/web/20190329211233/https://atnd.org/events/86528
393,2017-03-18,,メタアナリシスの階層ベイズモデル,TokyoR#59LT,,https://web.archive.org/web/20190329211233/https://atnd.org/events/86528
394,2017-04-22,,dplyr再入門,TokyoR#60,,https://web.archive.org/web/20190329164815/https://atnd.org/events/87238
395,2017-04-22,,Rでendogenous stratification,TokyoR#60,,https://web.archive.org/web/20190329164815/https://atnd.org/events/87238
396,2017-04-22,,ガンマ分布の最尤推定法について,TokyoR#60,,https://web.archive.org/web/20190329164815/https://atnd.org/events/87238
397,2017-04-22,,クラスター分析におけるクラスタ数の決め方,TokyoR#60LT,,https://web.archive.org/web/20190329164815/https://atnd.org/events/87238
398,2017-04-22,,rPrefパッケージでパレート非優越ソートとデータ抽出,TokyoR#60LT,,https://web.archive.org/web/20190329164815/https://atnd.org/events/87238
399,2017-04-22,,男心をくすぐる女の戦略.R,TokyoR#60LT,,https://web.archive.org/web/20190329164815/https://atnd.org/events/87238
400,2017-04-22,,DockerでMeCabの環境構築,TokyoR#60LT,,https://web.archive.org/web/20190329164815/https://atnd.org/events/87238
401,2017-05-20,,Rでダッシュボード開発,TokyoR#61,,https://web.archive.org/web/20190329190955/https://atnd.org/events/87878
402,2017-05-20,,RMarkdownの内部とテンプレート開発について,TokyoR#61,,https://web.archive.org/web/20190329190955/https://atnd.org/events/87878
403,2017-05-20,,RとApache OpenNLPではじめる自然言語処理,TokyoR#61LT,,https://web.archive.org/web/20190329190955/https://atnd.org/events/87878
404,2017-05-20,,サバイバル分析によるユーザーのリテンション分析,TokyoR#61LT,,https://web.archive.org/web/20190329190955/https://atnd.org/events/87878
405,2017-05-20,,AJAXサイトの情報をWebスクレイピング,TokyoR#61LT,,https://web.archive.org/web/20190329190955/https://atnd.org/events/87878
406,2017-06-24,,R言語とデータマイニング基礎,TokyoR#62,,https://web.archive.org/web/20190329202713/https://atnd.org/events/88767
407,2017-06-24,,整然データってなに？,TokyoR#62,,https://web.archive.org/web/20190329202713/https://atnd.org/events/88767
408,2017-06-24,,mxnetで系列パターンマイニング,TokyoR#62,,https://web.archive.org/web/20190329202713/https://atnd.org/events/88767
409,2017-06-24,,doAzureParallelでお手軽クラウド並列処理,TokyoR#62,,https://web.archive.org/web/20190329202713/https://atnd.org/events/88767
410,2017-06-24,,Amazonで自分の名前を検索したらヒットするようになった話,TokyoR#62LT,,https://web.archive.org/web/20190329202713/https://atnd.org/events/88767
411,2017-06-24,,自分マイニングをしよう,TokyoR#62LT,,https://web.archive.org/web/20190329202713/https://atnd.org/events/88767
412,2017-06-24,,webshotパッケージでWebをキャプチャ,TokyoR#62LT,,https://web.archive.org/web/20190329202713/https://atnd.org/events/88767
413,2017-06-24,,word prediction,TokyoR#62LT,,https://web.archive.org/web/20190329202713/https://atnd.org/events/88767
414,2017-07-22,,R言語とデータマイニング基礎,TokyoR#63,,https://web.archive.org/web/20190329224341/https://atnd.org/events/89482
415,2017-07-22,,Prophet入門 Facebookの予測システム【R編】,TokyoR#63,,https://web.archive.org/web/20190329224341/https://atnd.org/events/89482
416,2017-07-22,,Rを用いたLife Time Valueの推定,TokyoR#63,,https://web.archive.org/web/20190329224341/https://atnd.org/events/89482
417,2017-07-22,,これからはじめるShiny」（仮）,TokyoR#63,,https://web.archive.org/web/20190329224341/https://atnd.org/events/89482
418,2017-07-22,,Rによるword2vec,TokyoR#63LT,,https://web.archive.org/web/20190329224341/https://atnd.org/events/89482
419,2017-07-22,,気温が高い＝暑い？,TokyoR#63LT,,https://web.archive.org/web/20190329224341/https://atnd.org/events/89482
420,2017-07-22,,新卒採用を、まっとうに。　ーグループディスカッション評価の適正化ー,TokyoR#63LT,,https://web.archive.org/web/20190329224341/https://atnd.org/events/89482
421,2017-08-26,,R言語とデータマイニング基礎,TokyoR#64,,https://web.archive.org/web/20190329222616/https://atnd.org/events/89814
422,2017-08-26,,空間統計を使って地価分布図を描いてみる,TokyoR#64,,https://web.archive.org/web/20190329222616/https://atnd.org/events/89814
423,2017-08-26,,Rによる日本語テキスト前処理(形態素解析を中心に),TokyoR#64,,https://web.archive.org/web/20190329222616/https://atnd.org/events/89814
424,2017-08-26,,Rからmidiファイルを読んでplotしてみたお話,TokyoR#64LT,,https://web.archive.org/web/20190329222616/https://atnd.org/events/89814
425,2017-08-26,,R markdownで図表番号の自動付与と参照,TokyoR#64LT,,https://web.archive.org/web/20190329222616/https://atnd.org/events/89814
426,2017-08-26,,コンテナで暮らそう,TokyoR#64LT,,https://web.archive.org/web/20190329222616/https://atnd.org/events/89814
427,2017-08-26,,Fukuoka.R,TokyoR#64LT,,https://web.archive.org/web/20190329222616/https://atnd.org/events/89814
428,2017-08-26,,KaggleのKernelsで学ぶデータのレポーティング技術,TokyoR#64LT,,https://web.archive.org/web/20190329222616/https://atnd.org/events/89814
429,2017-09-23,,R言語とデータマイニング基礎,TokyoR#65,,https://web.archive.org/web/20190330001851/https://atnd.org/events/90837
430,2017-12-16,,彼女に振られないための変化検知入門,TokyoR#66,,https://web.archive.org/web/20190330015211/https://atnd.org/events/92993
431,2017-12-16,,flexdashboard本格入門,TokyoR#66,,https://web.archive.org/web/20190330015211/https://atnd.org/events/92993
432,2017-12-16,,そろそろ手をだすpurrr,TokyoR#66,,https://web.archive.org/web/20190330015211/https://atnd.org/events/92993
433,2017-12-16,,Rtweetで妊婦ユーザーを探して、妊婦DBを作ろう,TokyoR#66LT,,https://web.archive.org/web/20190330015211/https://atnd.org/events/92993
434,2017-12-16,,treemapでナイスビジュアライズ！,TokyoR#66LT,,https://web.archive.org/web/20190330015211/https://atnd.org/events/92993
435,2018-01-20,,キカイガクシューの解釈可能性について,TokyoR#67,,https://web.archive.org/web/20180202224708/https://atnd.org/events/93829
436,2018-01-20,,RからGoogleCloudVisionを使う,TokyoR#67,,https://web.archive.org/web/20180202224708/https://atnd.org/events/93829
437,2018-01-20,,Rのメタプログラミング入門,TokyoR#67,,https://web.archive.org/web/20180202224708/https://atnd.org/events/93829
438,2018-01-20,,feature tweaking の紹介（仮）,TokyoR#67LT,,https://web.archive.org/web/20180202224708/https://atnd.org/events/93829
439,2018-01-20,,ランダムフォレストを使ったEDA・探索的分析,TokyoR#67LT,,https://web.archive.org/web/20180202224708/https://atnd.org/events/93829
440,2018-01-20,,vcdその3,TokyoR#67LT,,https://web.archive.org/web/20180202224708/https://atnd.org/events/93829
441,2018-01-20,,R MarkdownでPythonを書く,TokyoR#67LT,,https://web.archive.org/web/20180202224708/https://atnd.org/events/93829
442,2018-01-20,,Apache Arrowから取り残されるR,TokyoR#67LT,,https://web.archive.org/web/20180202224708/https://atnd.org/events/93829
443,2018-01-20,,佐渡島を見積もる,TokyoR#67LT,,https://web.archive.org/web/20180202224708/https://atnd.org/events/93829
444,2018-01-20,,R Shiny 100本ノックの進捗,TokyoR#67LT,,https://web.archive.org/web/20180202224708/https://atnd.org/events/93829